<?xml version="1.0"?>
<!DOCTYPE hibernate-mapping PUBLIC "-//Hibernate/Hibernate Mapping DTD 3.0//EN"
"http://www.hibernate.org/dtd/hibernate-mapping-3.0.dtd">
<!-- Generated 2018-09-25 22:51:01 by Hibernate Tools 4.3.1 -->
<hibernate-mapping>
    <class name="entities.Categories" table="CATEGORIES" schema="A10TEAM3" optimistic-lock="version">
        <id name="idcategorie" type="big_decimal">
            <column name="IDCATEGORIE" precision="22" scale="0" />
            <generator class="assigned" />
        </id>
        <property name="nom" type="string">
            <column name="NOM" length="25" not-null="true" />
        </property>
        <property name="description" type="string">
            <column name="DESCRIPTION" length="50" />
        </property>
        <set name="medicaments" table="MEDICAMENT" inverse="true" lazy="true" fetch="select">
            <key>
                <column name="CATEGORIE" precision="22" scale="0" />
            </key>
            <one-to-many class="entities.Medicament" />
        </set>
    </class>
</hibernate-mapping>
