<?xml version="1.0"?>
<!DOCTYPE hibernate-mapping PUBLIC "-//Hibernate/Hibernate Mapping DTD 3.0//EN"
"http://www.hibernate.org/dtd/hibernate-mapping-3.0.dtd">
<!-- Generated 2018-09-25 22:51:01 by Hibernate Tools 4.3.1 -->
<hibernate-mapping>
    <class name="entities.Consultation" table="CONSULTATION" schema="A10TEAM3" optimistic-lock="version">
        <composite-id name="id" class="entities.ConsultationId">
            <key-property name="codedocteur" type="big_decimal">
                <column name="CODEDOCTEUR" precision="22" scale="0" />
            </key-property>
            <key-property name="numdos" type="big_decimal">
                <column name="NUMDOS" precision="22" scale="0" />
            </key-property>
            <key-property name="datec" type="date">
                <column name="DATEC" length="7" />
            </key-property>
        </composite-id>
        <many-to-one name="docteur" class="entities.Docteur" update="false" insert="false" fetch="select">
            <column name="CODEDOCTEUR" precision="22" scale="0" not-null="true" />
        </many-to-one>
        <many-to-one name="dossierpatient" class="entities.Dossierpatient" update="false" insert="false" fetch="select">
            <column name="NUMDOS" precision="22" scale="0" not-null="true" />
        </many-to-one>
        <many-to-one name="ordonnance" class="entities.Ordonnance" fetch="select">
            <column name="NUMORD" precision="22" scale="0" />
        </many-to-one>
        <property name="diagnostic" type="string">
            <column name="DIAGNOSTIC" length="50" not-null="true" />
        </property>
    </class>
</hibernate-mapping>
