<?xml version="1.0"?>
<!DOCTYPE hibernate-mapping PUBLIC "-//Hibernate/Hibernate Mapping DTD 3.0//EN"
"http://www.hibernate.org/dtd/hibernate-mapping-3.0.dtd">
<!-- Generated 2018-09-25 22:51:01 by Hibernate Tools 4.3.1 -->
<hibernate-mapping>
    <class name="entities.Dossierpatient" table="DOSSIERPATIENT" schema="A10TEAM3" optimistic-lock="version">
        <id name="numdos" type="big_decimal">
            <column name="NUMDOS" precision="22" scale="0" />
            <generator class="assigned" />
        </id>
        <many-to-one name="docteur" class="entities.Docteur" fetch="select">
            <column name="MATRICULE" precision="22" scale="0" />
        </many-to-one>
        <property name="nomp" type="string">
            <column name="NOMP" length="25" not-null="true" />
        </property>
        <property name="prenomp" type="string">
            <column name="PRENOMP" length="25" not-null="true" />
        </property>
        <property name="genre" type="java.lang.Character">
            <column name="GENRE" length="1" />
        </property>
        <property name="numas" type="string">
            <column name="NUMAS" length="25" unique="true" />
        </property>
        <property name="datenaiss" type="date">
            <column name="DATENAISS" length="7" />
        </property>
        <property name="datec" type="date">
            <column name="DATEC" length="7" />
        </property>
        <set name="consultations" table="CONSULTATION" inverse="true" lazy="true" fetch="select">
            <key>
                <column name="NUMDOS" precision="22" scale="0" not-null="true" />
            </key>
            <one-to-many class="entities.Consultation" />
        </set>
    </class>
</hibernate-mapping>
