<?xml version="1.0"?>
<!DOCTYPE hibernate-mapping PUBLIC "-//Hibernate/Hibernate Mapping DTD 3.0//EN"
"http://www.hibernate.org/dtd/hibernate-mapping-3.0.dtd">
<!-- Generated 2018-09-25 22:51:01 by Hibernate Tools 4.3.1 -->
<hibernate-mapping>
    <class name="entities.Medicament" table="MEDICAMENT" schema="A10TEAM3" optimistic-lock="version">
        <id name="idmed" type="big_decimal">
            <column name="IDMED" precision="22" scale="0" />
            <generator class="assigned" />
        </id>
        <many-to-one name="categories" class="entities.Categories" fetch="select">
            <column name="CATEGORIE" precision="22" scale="0" />
        </many-to-one>
        <property name="nommed" type="string">
            <column name="NOMMED" length="25" not-null="true" />
        </property>
        <property name="prix" type="big_decimal">
            <column name="PRIX" precision="7" />
        </property>
        <set name="ordonnancemedicamentses" table="ORDONNANCEMEDICAMENTS" inverse="true" lazy="true" fetch="select">
            <key>
                <column name="IDMED" precision="22" scale="0" not-null="true" />
            </key>
            <one-to-many class="entities.Ordonnancemedicaments" />
        </set>
    </class>
</hibernate-mapping>
