<?xml version="1.0"?>
<!DOCTYPE hibernate-mapping PUBLIC "-//Hibernate/Hibernate Mapping DTD 3.0//EN"
"http://www.hibernate.org/dtd/hibernate-mapping-3.0.dtd">
<!-- Generated 2018-09-25 22:51:01 by Hibernate Tools 4.3.1 -->
<hibernate-mapping>
    <class name="entities.Ordonnacechirurgie" table="ORDONNACECHIRURGIE" schema="A10TEAM3" optimistic-lock="version">
        <composite-id name="id" class="entities.OrdonnacechirurgieId">
            <key-property name="numord" type="big_decimal">
                <column name="NUMORD" precision="22" scale="0" />
            </key-property>
            <key-property name="rang" type="big_decimal">
                <column name="RANG" precision="22" scale="0" />
            </key-property>
        </composite-id>
        <many-to-one name="ordonnance" class="entities.Ordonnance" update="false" insert="false" fetch="select">
            <column name="NUMORD" precision="22" scale="0" not-null="true" />
        </many-to-one>
        <property name="nomchirurgie" type="string">
            <column name="NOMCHIRURGIE" length="35" />
        </property>
    </class>
</hibernate-mapping>
