<?xml version="1.0"?>
<!DOCTYPE hibernate-mapping PUBLIC "-//Hibernate/Hibernate Mapping DTD 3.0//EN"
"http://www.hibernate.org/dtd/hibernate-mapping-3.0.dtd">
<!-- Generated 2018-09-25 22:51:01 by Hibernate Tools 4.3.1 -->
<hibernate-mapping>
    <class name="entities.Ordonnance" table="ORDONNANCE" schema="A10TEAM3" optimistic-lock="version">
        <id name="numord" type="big_decimal">
            <column name="NUMORD" precision="22" scale="0" />
            <generator class="assigned" />
        </id>
        <property name="recommandations" type="string">
            <column name="RECOMMANDATIONS" length="30" />
        </property>
        <property name="typeo" type="string">
            <column name="TYPEO" length="25" />
        </property>
        <property name="datec" type="date">
            <column name="DATEC" length="7" />
        </property>
        <set name="consultations" table="CONSULTATION" inverse="true" lazy="true" fetch="select">
            <key>
                <column name="NUMORD" precision="22" scale="0" />
            </key>
            <one-to-many class="entities.Consultation" />
        </set>
        <set name="ordonnacechirurgies" table="ORDONNACECHIRURGIE" inverse="true" lazy="true" fetch="select">
            <key>
                <column name="NUMORD" precision="22" scale="0" not-null="true" />
            </key>
            <one-to-many class="entities.Ordonnacechirurgie" />
        </set>
        <set name="ordonnancemedicamentses" table="ORDONNANCEMEDICAMENTS" inverse="true" lazy="true" fetch="select">
            <key>
                <column name="NUMORD" precision="22" scale="0" not-null="true" />
            </key>
            <one-to-many class="entities.Ordonnancemedicaments" />
        </set>
    </class>
</hibernate-mapping>
