<?xml version="1.0" encoding="UTF-8"?>
<!DOCTYPE hibernate-configuration PUBLIC "-//Hibernate/Hibernate Configuration DTD 3.0//EN" "http://hibernate.sourceforge.net/hibernate-configuration-3.0.dtd">
<hibernate-configuration>
  <session-factory>
    <property name="hibernate.dialect">org.hibernate.dialect.OracleDialect</property>
    <property name="hibernate.connection.driver_class">oracle.jdbc.OracleDriver</property>
    <property name="hibernate.connection.url">jdbc:oracle:thin:@144.217.163.57:1521:XE</property>
    <property name="hibernate.connection.username">a10team3</property>
    <property name="hibernate.connection.password">anypw2</property>
    <mapping resource="entities/Consultation.hbm.xml"/>
    <mapping resource="entities/Ordonnacechirurgie.hbm.xml"/>
    <mapping resource="entities/Ordonnancemedicaments.hbm.xml"/>
    <mapping resource="entities/Medicament.hbm.xml"/>
    <mapping resource="entities/Ordonnance.hbm.xml"/>
    <mapping resource="entities/Categories.hbm.xml"/>
    <mapping resource="entities/Specialite.hbm.xml"/>
    <mapping resource="entities/Docteur.hbm.xml"/>
    <mapping resource="entities/Dossierpatient.hbm.xml"/>
  </session-factory>
</hibernate-configuration>
