<?xml version="1.0" encoding="UTF-8"?>
<!DOCTYPE hibernate-reverse-engineering PUBLIC "-//Hibernate/Hibernate Reverse Engineering DTD 3.0//EN" "http://hibernate.sourceforge.net/hibernate-reverse-engineering-3.0.dtd">
<hibernate-reverse-engineering>
  <schema-selection match-schema="A10TEAM3"/>
  <table-filter match-name="SPECIALITE"/>
  <table-filter match-name="ORDONNACECHIRURGIE"/>
  <table-filter match-name="ORDONNANCE"/>
  <table-filter match-name="CATEGORIES"/>
  <table-filter match-name="DOCTEUR"/>
  <table-filter match-name="MEDICAMENT"/>
  <table-filter match-name="DOSSIERPATIENT"/>
  <table-filter match-name="ORDONNANCEMEDICAMENTS"/>
  <table-filter match-name="CONSULTATION"/>
</hibernate-reverse-engineering>
